Бренд,Товар,Цена,Ссылка
KIVI,"Телевизор 55""4K UHD",32 998,https://www.wildberries.ru/catalog/14608609/detail.aspx
Samsung,"Телевизор UE55TU8000UXRU55""4K UHDBluetoothDLNAWi-Fi 802.11 bgnac",47 992,https://www.wildberries.ru/catalog/11733831/detail.aspx
Samsung,"Телевизор UE50TU7090UXRU50""4K UHDBluetooth",33 832,https://www.wildberries.ru/catalog/14888108/detail.aspx
Xiaomi,"Телевизор L50M5-5ARU50""4K HDRBluetoothWi-Fi 802.11 bgn",27 990,https://www.wildberries.ru/catalog/12956519/detail.aspx
Samsung,"Телевизор UE43TU7090UXRU43""4K UHDBluetoothWi-Fi",29 242,https://www.wildberries.ru/catalog/14888107/detail.aspx
Xiaomi,"Телевизор L43M5-5ARUМ43""4K HDRBluetoothWi-Fi",21 990,https://www.wildberries.ru/catalog/16433806/detail.aspx
Hisense,"Телевизор 40AE5500F40""Full HDWi-Fi 802.11 bgn",20 670,https://www.wildberries.ru/catalog/14758630/detail.aspx
Samsung,"Телевизор UE43T5202AUXRU43""1080p Full HDWi-FiWi-Fi Direct",26 062,https://www.wildberries.ru/catalog/17615048/detail.aspx
Hisense,"Телевизор 55U7QF55""4K UHD",50 590,https://www.wildberries.ru/catalog/14758636/detail.aspx
Samsung,"Телевизор UE50TU8510UXRU50""",43 451,https://www.wildberries.ru/catalog/12876629/detail.aspx
Samsung,"Телевизор UE32N4000AU32""720p HD",14 992,https://www.wildberries.ru/catalog/6180325/detail.aspx
Xiaomi,"Телевизор L55M5-5ARUM55""4K UHDBluetoothWi-Fi",31 990,https://www.wildberries.ru/catalog/17415811/detail.aspx
Samsung,"Телевизор QE50Q60TAUXRU50""4K UHD",48 952,https://www.wildberries.ru/catalog/11733823/detail.aspx
AMCV,"Телевизор 32""720p HD",10 189,https://www.wildberries.ru/catalog/14955776/detail.aspx
Hisense,"Телевизор 43AE7400F43""4K UHDBluetooth",26 590,https://www.wildberries.ru/catalog/14758632/detail.aspx
Samsung,"Телевизор UE55TU8500UXRU55""4K HDR",55 431,https://www.wildberries.ru/catalog/12010598/detail.aspx
Samsung,"Телевизор UE50TU8500UXRU50""4K UHD",45 571,https://www.wildberries.ru/catalog/12078471/detail.aspx
BQ.,"Телевизор BQ-55SU01B55""4K UHD",23 989,https://www.wildberries.ru/catalog/14216252/detail.aspx
Hisense,"Телевизор 50U7QF50""4K UHDBluetoothWi-Fi 802.11acDLNA",41 399,https://www.wildberries.ru/catalog/14758634/detail.aspx
Samsung,"Телевизор UE43TU8510UXRU43""",40 041,https://www.wildberries.ru/catalog/12849143/detail.aspx
Samsung,"Телевизор UE50TU7100UXRU50""4K UHD",34 293,https://www.wildberries.ru/catalog/11878555/detail.aspx
Blaupunkt,"Телевизор 43UN265T43""4K HDRBluetooth 5.0Wi-Fi 802.11 abgnac",23 749,https://www.wildberries.ru/catalog/21371603/detail.aspx
Samsung,"Телевизор LT32E315EXRU32""Full HD",16 191,https://www.wildberries.ru/catalog/24776840/detail.aspx
Samsung,"Телевизор UE43TU7500UXRU43""4K UHD",28 693,https://www.wildberries.ru/catalog/11878554/detail.aspx
Samsung,"Телевизор UE43TU8500UXRU43""4K UHD",39 141,https://www.wildberries.ru/catalog/12078470/detail.aspx
SHIVAKI,"Телевизор STV-32LED2632""HDпульт дистанционного управленияDVB-TDVB-C",10 990,https://www.wildberries.ru/catalog/21256764/detail.aspx
Samsung,"Телевизор UE55TU7100UXRU55""4K UHD",41 432,https://www.wildberries.ru/catalog/11733830/detail.aspx
Samsung,"Телевизор UE43TU8000UXRU43""4K UHDBluetoothWi-Fi DirectWi-Fi 802.11 abgnacDLNA",34 392,https://www.wildberries.ru/catalog/11733828/detail.aspx
Samsung,"Телевизор QE55Q60TAUXRU55""4K UHD",56 242,https://www.wildberries.ru/catalog/11733824/detail.aspx
Yuno,"Телевизор ULX-43FTCS24643""Full HD",15 476,https://www.wildberries.ru/catalog/11901905/detail.aspx
Samsung,"Телевизор UE55TU7500UXRU55""4K UHD",44 072,https://www.wildberries.ru/catalog/11878557/detail.aspx
Hisense,"Телевизор 55AE7400F55""4K UHDBluetoothWi-Fi 802.11ac",39 890,https://www.wildberries.ru/catalog/14758635/detail.aspx
Samsung,"Телевизор UE50TU8000UXRU50""4K UHD",41 811,https://www.wildberries.ru/catalog/11733829/detail.aspx
Hisense,"Телевизор 50AE7400F50""4K UHDBluetoothWi-Fi",35 140,https://www.wildberries.ru/catalog/14758633/detail.aspx
Hyundai,Телевизор 32BluetoothWi-Fi,12 146,https://www.wildberries.ru/catalog/27008738/detail.aspx
Samsung,"Телевизор UE43T5300AUXRU43""Wi-Fi",28 971,https://www.wildberries.ru/catalog/15841637/detail.aspx
Sony,"Телевизор KDL-49WF80448.5""1080p Full HD",36 393,https://www.wildberries.ru/catalog/8429984/detail.aspx
BBK,"Телевизор 50LEX-7158FTS2C50""1080p Full HDBluetooth 4.0802.11 bgnUSB",19 592,https://www.wildberries.ru/catalog/18150520/detail.aspx
LG,"Телевизор 32LK615BPLB32""720p HD",17 001,https://www.wildberries.ru/catalog/7497538/detail.aspx
LG,"Телевизор 49NANO866NA49""",58 491,https://www.wildberries.ru/catalog/12841342/detail.aspx
KIVI,"Телевизор 32""720p HD",14 994,https://www.wildberries.ru/catalog/14608602/detail.aspx
Hisense,"Телевизор 43AE7200F43""4K UHDBluetooth",24 830,https://www.wildberries.ru/catalog/14758631/detail.aspx
Philips,"Телевизор 32PHS68256032""720p HDWi-Fi 802.11 abgnac",16 332,https://www.wildberries.ru/catalog/18723391/detail.aspx
Samsung,"Телевизор UE65TU7100UXRU65""4K UHD",54 012,https://www.wildberries.ru/catalog/12144461/detail.aspx
KIVI,"Телевизор 43U800BR43""4K UHD",25 998,https://www.wildberries.ru/catalog/10161209/detail.aspx
BBK,"Телевизор 50LEM-1058FTS2C50""1080p Full HD",17 932,https://www.wildberries.ru/catalog/18150519/detail.aspx
ECON,"Телевизор EX-32HT010B32""",13 390,https://www.wildberries.ru/catalog/11347263/detail.aspx
Sony,"Телевизор KDL-32RE30332""720p HD",21 051,https://www.wildberries.ru/catalog/8429976/detail.aspx
SHIVAKI,"Телевизор STV-43LED4143""4K UHDUltra HD (4K)4K Ultra HDWi-FiDVB-C",20 990,https://www.wildberries.ru/catalog/21677444/detail.aspx
Sony,"Телевизор KD55A8BR255""4K HDRBluetooth 4.2AirPlayWi-Fi 802.11 bgnac",152 994,https://www.wildberries.ru/catalog/14268164/detail.aspx
FUSION,"Телевизор FLTV-40A31040""1080p Full HD",13 480,https://www.wildberries.ru/catalog/13119732/detail.aspx
Samsung,"Телевизор UE32N4010AUXRU32""720p HD",18 990,https://www.wildberries.ru/catalog/7787583/detail.aspx
Samsung,"Телевизор 24""",15 005,https://www.wildberries.ru/catalog/25626477/detail.aspx
Samsung,"Телевизор UE65TU7500UXRU65""4K UHD",60 032,https://www.wildberries.ru/catalog/12985368/detail.aspx
Yuno,"Телевизор ULX-50UTCS333RU50""4K UHD",22 251,https://www.wildberries.ru/catalog/13194733/detail.aspx
Yuno,"Телевизор ULX-39TC22139""720p HD",14 697,https://www.wildberries.ru/catalog/10823822/detail.aspx
Samsung,"Телевизор QE50Q80TAUXRU50""4K UHDBluetoothWi-Fi",70 992,https://www.wildberries.ru/catalog/14888106/detail.aspx
Philips,"Телевизор 32PHS55056032""720p HD",13 467,https://www.wildberries.ru/catalog/14338092/detail.aspx
KIVI,"Телевизор 50U710KB50""4K UHD",29 998,https://www.wildberries.ru/catalog/14608608/detail.aspx
Samsung,"Телевизор UE50TU7500UXRU50""4K UHD",38 492,https://www.wildberries.ru/catalog/11878556/detail.aspx
Samsung,"Телевизор QE55Q700TAUXRU55""BluetoothWi-Fi",129 592,https://www.wildberries.ru/catalog/15050908/detail.aspx
Hyundai,"Телевизор H-LED43ET300143""1080p Full HD",17 280,https://www.wildberries.ru/catalog/9131375/detail.aspx
Samsung,"Телевизор UE65TU8500UXRU65""4K UHD",74 392,https://www.wildberries.ru/catalog/12985369/detail.aspx
SHIVAKI,"Телевизор 40""1080p Full HDWi-FiИК",17 990,https://www.wildberries.ru/catalog/17284546/detail.aspx
POLARLINE,"Телевизор 24PL12TC24""HD",9 103,https://www.wildberries.ru/catalog/21447203/detail.aspx
LG,"Телевизор 28TN525V-PZ28""",14 372,https://www.wildberries.ru/catalog/26346635/detail.aspx
Samsung,"Телевизор UE65TU8300UXRU65""4K HDRBluetoothWi-FiWi-Fi Direct",59 493,https://www.wildberries.ru/catalog/17184562/detail.aspx
Yuno,"Телевизор ULM-43FTC145RU43""1080p Full HD",15 388,https://www.wildberries.ru/catalog/8543642/detail.aspx
Supra,"Телевизор STV-LC43ST00100F43""Full HD",17 090,https://www.wildberries.ru/catalog/16580875/detail.aspx
Supra,"Телевизор STV-LC43LT00100F43""",15 665,https://www.wildberries.ru/catalog/12957556/detail.aspx
LG,"Телевизор 55NANO956NA55""8K UHDWi-Fi 802.11acMiracastBluetooth 5.0",98 391,https://www.wildberries.ru/catalog/17184559/detail.aspx
KIVI,"Телевизор 40U600KD40""4K UHD",21 594,https://www.wildberries.ru/catalog/14608605/detail.aspx
LG,"Телевизор OLED55BXRLB55""4K HDRBluetoothWi-Fi",104 391,https://www.wildberries.ru/catalog/17184561/detail.aspx
Samsung,"Телевизор QE49Q60RAUXRU49""4K UHD",57 742,https://www.wildberries.ru/catalog/7700661/detail.aspx
Hyundai,"Телевизор H-LED40ET302140""1080p Full HD",14 271,https://www.wildberries.ru/catalog/10669783/detail.aspx
KIVI,"Телевизор 24""720p HD",9 493,https://www.wildberries.ru/catalog/14608597/detail.aspx
LG,"Телевизор 55UN70006LA55""4K UHDWi-Fi 802.11acBluetooth 5.0",42 770,https://www.wildberries.ru/catalog/17941410/detail.aspx
POLARLINE,"Телевизор 32PL12TC32""720p HD",10 667,https://www.wildberries.ru/catalog/11452041/detail.aspx
Sony,"Телевизор KD-49XG7005BR49""4K UHD",44 242,https://www.wildberries.ru/catalog/8725554/detail.aspx
LG,"Телевизор 49UK6200PLA49""4K UHD",34 030,https://www.wildberries.ru/catalog/6750062/detail.aspx
ECON,"Телевизор EX-24HS001B24""720p HD",9 711,https://www.wildberries.ru/catalog/9281558/detail.aspx
Samsung,"Телевизор QE75Q60TAUXRU75""4K HDR",120 692,https://www.wildberries.ru/catalog/12985366/detail.aspx
POLARLINE,"Телевизор 43PL51TC43""Full HD",16 352,https://www.wildberries.ru/catalog/11452058/detail.aspx
LG,"Телевизор 49NANO806NA49""",47 830,https://www.wildberries.ru/catalog/12915603/detail.aspx
Hisense,"Телевизор 65A7500F65""4K UHDBluetoothWi-Fi 802.11acDLNA",53 570,https://www.wildberries.ru/catalog/15353124/detail.aspx
NEKO,"Телевизор LT-32NH7020S32""720p HD",17 091,https://www.wildberries.ru/catalog/10314906/detail.aspx
Supra,"Телевизор STV-LC39LT0070W39""",13 999,https://www.wildberries.ru/catalog/17700181/detail.aspx
